{"cameraMode":{"drawMode":0,"name":"Shaded","section":"Shading Mode"},"sceneLighting":true,"audioPlay":false,"sceneViewState":{"showFog":false,"showMaterialUpdate":false,"showSkybox":false,"showFlares":false,"showImageEffects":false,"showParticleSystems":false},"in2DMode":false,"pivot":{"x":-108.03282165527344,"y":-29.703704833984376,"z":-137.26084899902345},"rotation":{"x":-0.10021649301052094,"y":0.8874449729919434,"z":-0.22961047291755677,"w":-0.3869713544845581},"size":146.04220581054688,"orthographic":false}